name,S_nom,u_kr,P_k
#,MVA,%,MW
100 kVA,0.1,4,0.00175
160 kVA,0.16,4,0.00235
250 kVA,0.25,4,0.00325
400 kVA,0.4,4,0.0046
630 kVA,0.63,4,0.0065
800 kVA,0.8,6,0.0084
1000 kVA,1.0,6,0.00105
